"","min1","max1","mean1","median1","sd1","min1","max1","mean1","median1","sd1","min1","max1","mean1","median1","sd1","min1","max1","mean1","median1","sd1","min1","max1","mean1","median1","sd1","min1","max1","mean1","median1","sd1","min1","max1","mean1","median1","sd1","min1","max1","mean1","median1","sd1","min1","max1","mean1","median1","sd1","min1","max1","mean1","median1","sd1","min1","max1","mean1","median1","sd1","min1","max1","mean1","median1","sd1","min1","max1","mean1","median1","sd1","min1","max1","mean1","median1","sd1","min1","max1","mean1","median1","sd1","min1","max1","mean1","median1","sd1","min1","max1","mean1","median1","sd1","min1","max1","mean1","median1","sd1","min1","max1","mean1","median1","sd1","min1","max1","mean1","median1","sd1","min1","max1","mean1","median1","sd1"
"1",0,5,1.47058823529412,0,1.94697200373808,0,4,1.66666666666667,2,1.39306765956279,0,3,1.75,3,1.87601011758766,0,1,1.02380952380952,3,0.91114035356919,0,1,0.712121212121212,1,0.937222360130589,0,1,0.459770114942529,1,0.870278245035667,0,0,0.171428571428571,1,0.595014682288748,0,0,0.144,1,0.655066871303645,0,0,-0.0625,1,0.631778934936171,0,0,-0.18452380952381,1,0.574839951563861,0,0,-0.326086956521739,0,0.635894324052097,0,0,-0.34,0,0.698394738905505,0,0,-0.254385964912281,0,0.708505684917223,0,0,-0.284552845528455,0,0.717802896064544,0,0,-0.304832713754647,0,0.734770525732112,0,0,-0.431034482758621,0,0.678693745191069,0,0,-0.496794871794872,0,0.629923565676122,0,0,-0.368580060422961,0,0.614311381793103,0,0,-0.209039548022599,0,0.572585682302587,0,0,-0.166666666666667,0,0.579401525169074,NA,NA,NA,NA,NA
"2",0,5,2.29411764705882,2,1.96460125558173,0,2,1,1,1.2323432927937,0,3,2.6,2.5,0.89500117900124,0,1,1.0952380952381,2,0.800326143207829,0,1,0.303030303030303,1,0.910380945119993,0,1,0.632183908045977,2,0.74778672978927,0,1,0.8,2,0.865476303881046,0,1,0.872,2,0.957591767324735,0,1,0.659722222222222,1,0.905091688771518,0,0,0.55952380952381,1,0.849882526253161,0,0,0.418478260869565,1,0.920708052273807,0,0,0.295,1,0.852247646485609,0,0,0.100877192982456,1,0.789036463452999,0,0,0.0487804878048781,1,0.786116597894303,0,0,0,1,0.769881459571261,0,0,-0.141379310344828,0,0.780708953564784,0,0,-0.288461538461538,0,0.778676695119636,0,0,-0.132930513595166,0,0.764911044959552,0,0,-0.019774011299435,1,0.724842675923055,0,0,-0.0860215053763441,0,0.761447584488766,NA,NA,NA,NA,NA
"3",0,4,1.41176470588235,0,2.04828395549598,0,3,0.5,-0.5,1.17705481921911,0,4,2.35,4,1.53725693136154,0,1,1.45238095238095,2,0.905166709629108,0,1,0.818181818181818,2,0.945910923740906,0,1,0.954022988505747,2,0.834760537942896,0,1,0.828571428571429,2,0.911262807248705,0,1,0.64,2,0.899260829497562,0,1,0.416666666666667,1,0.830415066695905,0,0,0.208333333333333,0,0.770156445450145,0,0,-0.016304347826087,0,0.782591740925745,0,0,-0.1,0,0.786459848248066,0,0,-0.12719298245614,0,0.787044410731866,0,0,-0.219512195121951,-1,0.814807183626665,0,0,-0.267657992565056,-1,0.80552599049438,0,0,-0.331034482758621,-1,0.784909787010877,0,0,-0.439102564102564,-1,0.800665268110166,0,0,-0.256797583081571,-1,0.725425712488118,0,0,-0.115819209039548,0,0.670656980025405,0,0,-0.0779569892473118,0,0.687055968341934,NA,NA,NA,NA,NA
"4",0,5,2.35294117647059,2,2.29868923950418,0,2,2.16666666666667,4,1.11449946754714,0,3,3.55,4,0.674033627554441,0,1,2.16666666666667,4,1.11695040446202,0,1,1.42424242424242,3,0.91427182137155,0,1,1.77011494252874,4,0.866689066118834,0,1,1.38095238095238,3,0.792672401974042,0,1,1.128,3,0.746291282683113,0,1,0.805555555555556,2,0.748199025787288,0,0,0.541666666666667,2,0.681193465719522,0,0,0.304347826086957,1.5,0.790620099500131,0,0,0.19,0.5,0.809080682809823,0,0,0.118421052631579,0,0.804071686864094,0,0,0.0121951219512195,0,0.870446046383143,0,0,-0.0446096654275094,0,0.827173968364786,0,0,-0.220689655172414,0,0.87002856403354,0,0,-0.342948717948718,0,0.923775752330784,0,0,-0.16012084592145,0,0.803744518919447,0,0,0.036723163841808,0,0.693651201369205,0,0,-0.0403225806451613,0,0.748328783020402,NA,NA,NA,NA,NA
"5",0,5,2.64705882352941,4,2.19452304246164,0,2,-0.166666666666667,-1,0.830954805549988,0,2,2.35,3,0.549564008543245,0,1,1.28571428571429,1.5,0.574506557341227,0,0,0.303030303030303,0,0.651911518078368,0,0,0.609195402298851,1,0.744712851382704,0,0,0.314285714285714,0,0.565836325253711,0,0,0.128,0,0.60087087144605,0,0,-0.0833333333333333,0,0.612180774049389,0,0,-0.279761904761905,0,0.64949916283263,0,0,-0.315217391304348,0,0.728122647084817,0,0,-0.34,-1,0.743494685322975,0,0,-0.271929824561404,0,0.715241126161764,0,0,-0.296747967479675,0,0.706364046648829,0,0,-0.360594795539033,-1,0.693393461637253,0,0,-0.437931034482759,-1,0.67307948725706,0,0,-0.483974358974359,-1,0.635352485661783,0,0,-0.323262839879154,0,0.569684719479547,0,0,-0.211864406779661,0,0.55581702423895,0,0,-0.17741935483871,0,0.583689748746118,NA,NA,NA,NA,NA
"6",0,5,1.70588235294118,2,1.76962952551981,0,2,0,-1.5,0.884665633356605,0,2,2.2,2.5,1.04566168009275,0,0,0.428571428571429,1.5,0.642012273725724,0,0,-0.121212121212121,0,0.735996564930459,0,0,0.310344827586207,0,0.595885906037756,0,0,0.361904761904762,1,0.699611812581119,0,0,0.416,1,0.741926903609494,0,0,0.3125,1,0.693803300012434,0,0,0.196428571428571,1,0.738965908917348,0,0,0.0217391304347826,1,0.765348042341162,0,0,-0.02,0,0.733900947151858,0,0,-0.175438596491228,-1,0.746978998622558,0,0,-0.178861788617886,-0.5,0.765152927080753,0,0,-0.185873605947955,0,0.766254817234584,0,0,-0.324137931034483,0,0.762551637001666,0,0,-0.442307692307692,-1,0.778897914596552,0,0,-0.299093655589124,-1,0.74039377365334,0,0,-0.180790960451977,-1,0.670748811963597,0,0,-0.14247311827957,-0.5,0.705859317328621,NA,NA,NA,NA,NA
"7",0,5,2.23529411764706,3,2.07791397979839,0,2,1.33333333333333,1,0.96670231548158,0,2,2.3,2.5,0.887642118469156,0,0,0.833333333333333,1,0.757242591862286,0,0,0.196969696969697,1,0.757322611798227,0,0,0.436781609195402,1,0.632839610015458,0,0,0.333333333333333,1,0.653699311800228,0,0,0.392,1,0.70495100319807,0,0,0.194444444444444,0.5,0.764378850622846,0,0,0.0357142857142858,0,0.696097157970911,0,0,-0.0815217391304348,0,0.758932505574478,0,0,-0.15,0,0.778622665573605,0,0,-0.12719298245614,0,0.778206398209188,0,0,-0.142276422764228,0,0.795532502092017,0,0,-0.182156133828996,0,0.800223494299077,0,0,-0.317241379310345,0,0.798444898317147,0,0,-0.426282051282051,0,0.824195270880323,0,0,-0.265861027190332,0,0.744914399470446,0,0,-0.0875706214689265,0,0.631239709411138,0,0,-0.102150537634409,0,0.662220712673516,NA,NA,NA,NA,NA
"8",0,5,2.94117647058824,4,2.24950603226237,0,1,0,0,0.752141042527319,0,0,2.3,3,0.11532482107689,0,0,1.52380952380952,2,0.324994916447836,0,0,0.696969696969697,1,0.505365124955734,0,0,0.689655172413793,1,0.616157580093187,0,0,0.59047619047619,1,0.588100197834984,0,0,0.44,1,0.629149581936504,0,0,0.270833333333333,1,0.688606368448601,0,0,0.160714285714286,0,0.691188898054085,0,0,-0.0108695652173911,0,0.76836963495526,0,0,-0.0750000000000002,0,0.812752707374937,0,0,-0.0833333333333333,0,0.818338981133373,0,0,-0.130081300813008,0,0.829729682098728,0,0,-0.141263940520446,0,0.833708067899289,0,0,-0.244827586206896,0,0.868585624581219,0,0,-0.307692307692308,0,0.916787038164387,0,0,-0.199395770392749,0,0.822070539842077,0,0,-0.0564971751412429,0,0.696648728213336,0,0,-0.0913978494623655,0,0.754834852268631,NA,NA,NA,NA,NA
"9",0,4,2.47058823529412,5,2.29498429372468,0,1,1.16666666666667,2,0.897672344986175,0,1,3,4,0.349385415767073,0,0,1.16666666666667,2,0.628056368501452,0,0,0.651515151515151,2,0.705706320654544,0,0,1.02298850574713,2,0.537566163165911,0,0,0.904761904761905,2,0.470163610430868,0,0,0.784,2,0.581471541460293,0,0,0.604166666666667,2,0.634853830468572,0,0,0.464285714285714,1,0.667083220377428,0,0,0.315217391304348,1,0.714639911986076,0,0,0.21,1,0.754410150450385,0,0,0.140350877192982,1,0.765608173687961,0,0,0.0934959349593496,1,0.782422081800418,0,0,0.0297397769516727,0,0.778212866213949,0,0,-0.0758620689655172,0,0.818153603920188,0,0,-0.137820512820513,0,0.876412722527749,0,0,-0.0664652567975832,0,0.842704451040319,0,0,0.0451977401129944,0,0.731174707821597,0,0,0,0,0.777691235111417,NA,NA,NA,NA,NA
"10",0,1,0.235294117647059,0,0.619802993535346,0,2,-0.666666666666667,-2.5,1.03801993521425,0,1,-0.75,-2,0.944916831754049,0,0,-2.21428571428571,-4,0.505024027832581,0,0,-2.59090909090909,-4,0.510325586742773,0,0,-1.82758620689655,-3,0.274871154740287,0,0,-1.38095238095238,-2,0.246546074210681,0,0,-1.168,-1,0.142185178504302,0,0,-1,-1,0.230941341427007,0,0,-0.75,-1,0.337608076351049,0,0,-0.701086956521739,-1,0.283405097690823,0,0,-0.61,-2,0.323162228410539,0,0,-0.456140350877193,-0.5,0.381756172734173,0,0,-0.32520325203252,0,0.419844910923631,0,0,-0.297397769516729,0,0.443569032968933,0,0,-0.36551724137931,0,0.421914460950388,0,0,-0.391025641025641,0,0.437042471656292,0,0,-0.27190332326284,0,0.491344016950771,0,0,-0.220338983050847,0,0.528258557669602,0,0,-0.209677419354839,0,0.519344931469093,NA,NA,NA,NA,NA
"11",0,4,1.29411764705882,2,1.77940268652914,0,3,0.5,-0.5,1.22474487139159,0,4,1.3,0,1.6972790001122,0,2,0.904761904761905,1,0.862793718901306,0,2,0.803030303030303,1,1.0383922935309,0,2,0.701149425287356,1,1.04460577064702,0,0,0.285714285714286,0,0.734438367903968,0,0,0.2,-1,0.73438496227255,0,0,0.131944444444444,0,0.723838682142304,0,0,-0.0416666666666666,-0.5,0.639209981804904,0,0,-0.103260869565217,0,0.65642977327253,0,0,-0.105,0,0.68568212058162,0,0,-0.087719298245614,0,0.697824704000252,0,0,-0.109756097560976,0,0.681937013156888,0,0,-0.152416356877323,0,0.661909939242973,0,0,-0.255172413793104,0,0.605599397344752,0,0,-0.355769230769231,0,0.607908979433337,0,0,-0.259818731117825,0,0.618854419033756,0,0,-0.172316384180791,0,0.617034942968,0,0,-0.137096774193548,0,0.641969193553752,NA,NA,NA,NA,NA
"12",0,5,1,-1,1.76962952551981,0,3,0.333333333333333,-0.5,1.05435942125456,0,5,2.05,2.5,2.01006244326374,0,4,1.35714285714286,1,1.64924503271568,0,4,1.31818181818182,0,1.90072690380161,0,4,1.25287356321839,0,1.77288618870144,0,3,1.14285714285714,0,1.60623515667863,0,3,1.16,1,1.46885731260964,0,1,0.979166666666667,0.5,1.28118416616815,0,1,0.761904761904762,0,1.15832600701826,0,1,0.630434782608696,0,1.05072658207602,0,1,0.395,0,0.854620752380203,0,1,0.12719298245614,0,0.66670749523951,0,0,0.126016260162602,-1,0.705214483840266,0,0,0.0371747211895911,-1,0.672456657043539,0,0,-0.13448275862069,-1,0.58791331272887,0,0,-0.246794871794872,-1,0.545255854346568,0,0,-0.157099697885196,-1,0.577136325028906,0,0,-0.107344632768362,-1,0.599104020247567,0,0,-0.0483870967741936,-1,0.620478237354683,NA,NA,NA,NA,NA
"13",0,5,1.64705882352941,0,1.8369743729615,0,3,-0.166666666666667,-1,1.22474487139159,0,4,1.4,1.5,1.94235268845537,0,1,0.761904761904762,1,1.10363397048765,0,1,0.151515151515151,0.5,0.850183442382831,0,1,0.229885057471264,0,0.881395067728996,0,1,0.161904761904762,0,0.874986433029545,0,1,0.152,-1,0.921326432730114,0,1,0.173611111111111,-0.5,0.954001556530266,0,1,0.0297619047619047,-1,0.864445186277563,0,0,-0.0543478260869565,-1,0.812068061569196,0,0,-0.125,-1,0.774986334003634,0,0,-0.135964912280702,-1,0.745800006665373,0,0,-0.138211382113821,-0.5,0.728623056926717,0,0,-0.197026022304833,-1,0.599999543094379,0,0,-0.289655172413793,-0.5,0.536075477232845,0,0,-0.387820512820513,-1,0.528259489600322,0,0,-0.27190332326284,-1,0.539987257823417,0,0,-0.192090395480226,-1,0.549672733993416,0,0,-0.158602150537634,-1,0.564789320451686,NA,NA,NA,NA,NA
"14",0,5,0.470588235294118,-1,1.63080334827223,0,3,0,-1,1.11659538236113,0,5,1.2,0,1.89255297582603,0,4,0.928571428571429,0.5,1.62675521843966,0,2,0.545454545454545,0,1.19227449362778,0,2,0.413793103448276,0,1.12673201556113,0,2,0.409523809523809,0,1.12147769984562,0,2,0.368,0,1.0460199779208,0,2,0.25,0,0.952503578080427,0,1,0.0892857142857144,0,0.86803085391997,0,1,0.0543478260869563,0,0.854834695610344,0,1,-0.02,-1,0.842689784999455,0,0,-0.153508771929825,-1,0.672430466462014,0,0,-0.117886178861788,-1,0.726667339629685,0,0,-0.156133828996283,-1,0.716489380825716,0,0,-0.286206896551724,-1,0.589710203346468,0,0,-0.355769230769231,-1,0.583473407102652,0,0,-0.262839879154079,-1,0.608331006705835,0,0,-0.194915254237288,-1,0.61278376549564,0,0,-0.139784946236559,-1,0.622082425337654,NA,NA,NA,NA,NA
"15",0,4,1.41176470588235,0,1.75981280841793,0,2,0.333333333333333,-0.5,0.74851328457303,0,4,1.4,1,1.44652339000284,0,0,0.69047619047619,1,0.318644489961968,0,0,0.5,0.5,0.570663114626267,0,0,0.517241379310345,0,0.62767346340132,0,0,0.380952380952381,0,0.672305283822776,0,0,0.36,0,0.708595177646903,0,0,0.381944444444444,0,0.820656423133501,0,0,0.285714285714286,0,0.790813478651613,0,0,0.277173913043478,0,0.806630934153133,0,0,0.285,0,0.778227128251019,0,0,0.0921052631578947,0,0.639644036534663,0,0,0.101626016260163,-0.5,0.655636381748044,0,0,-0.0371747211895912,-1,0.585322878684177,0,0,-0.16551724137931,-1,0.531606184698278,0,0,-0.246794871794872,-1,0.514387120342161,0,0,-0.217522658610272,-1,0.509885538324267,0,0,-0.180790960451978,-1,0.464080504718659,0,0,-0.174731182795699,-1,0.485094846207591,NA,NA,NA,NA,NA
"16",0,4,1.23529411764706,2,1.63904424275713,0,3,0,-1,1.11659538236113,0,5,1.6,1,1.7788407499932,0,2,0.857142857142857,0,0.93968048741786,0,2,0.818181818181818,0,1.22649005362231,0,2,0.919540229885057,0,1.22227250605476,0,2,0.695238095238095,0,1.08230758339272,0,2,0.584,0,1.02188077692152,0,2,0.451388888888889,0,0.945004560031774,0,2,0.327380952380952,0,0.906446240998068,0,1,0.342391304347826,0,0.876844812673124,0,0,0.18,0,0.737872981369831,0,0,0.100877192982456,0,0.644047222722295,0,0,0.097560975609756,0,0.678174413542412,0,0,0.0223048327137547,0,0.64663240607508,0,0,-0.124137931034483,-1,0.555097016011128,0,0,-0.21474358974359,-1,0.519628599574722,0,0,-0.178247734138973,-1,0.544220348974576,0,0,-0.129943502824859,0,0.553437064244614,0,0,-0.0967741935483872,0,0.576886831361194,NA,NA,NA,NA,NA
"17",0,5,1,0,1.61575308482974,0,3,0.333333333333333,-0.5,1.05435942125456,0,5,1.45,-1,1.98167497272948,0,4,0.80952380952381,-1,1.55436227581174,0,3,0.666666666666667,-1,1.47187257008957,0,3,0.563218390804598,-1,1.35337151952382,0,3,0.419047619047619,-1,1.2446930664017,0,3,0.344,-1,1.22964129755852,0,3,0.340277777777778,-1,1.29299391903431,0,3,0.279761904761905,-1,1.2403418553521,0,2,0.293478260869565,-1,1.20867736394196,0,2,0.155,-1,1.09886263346794,0,1,0.0394736842105263,-1,0.891903319944894,0,1,0.0650406504065042,-1,0.877822201598289,0,1,-0.00371747211895901,-1,0.843244948029888,0,0,-0.0896551724137933,-1,0.718329134092577,0,0,-0.211538461538461,-1,0.611757193403803,0,0,-0.18429003021148,-1,0.629977423909174,0,0,-0.15819209039548,-1,0.599761708661462,0,0,-0.129032258064516,-1,0.616304669038155,NA,NA,NA,NA,NA
"18",0,4,0.823529411764706,-1,1.59059027558701,0,2,0,-1,0.694662362144674,0,5,1.2,0,1.64156536333625,0,4,0.809523809523809,0,1.58120794039943,0,2,0.363636363636364,0,1.1999459429643,0,2,0.310344827586207,-1,1.15860702686921,0,2,0.342857142857143,-1,1.21436544845365,0,2,0.272,0,1.15074801283398,0,2,0.354166666666667,0,1.23724830556609,0,2,0.232142857142857,0,1.138295762375,0,2,0.255434782608696,0,1.1689569303396,0,2,0.165,0,1.08280112883982,0,1,0.0350877192982455,0,0.872684395260394,0,1,0.065040650406504,0,0.859947093687163,0,1,-0.00371747211895923,0,0.833625516762991,0,0,-0.110344827586207,0,0.723442998056414,0,0,-0.230769230769231,0,0.646829900752983,0,0,-0.187311178247734,0,0.639463269563897,0,0,-0.155367231638418,0,0.629354298813554,0,0,-0.134408602150538,0,0.64656814867692,NA,NA,NA,NA,NA
"19",0,4,0.176470588235294,-1,1.15350151080035,0,2,-0.166666666666667,-1,0.708347091897267,0,5,0.9,-0.5,1.62439732448361,0,2,0.5,-1,0.888554530346471,0,2,0.53030303030303,-1,1.04894290849168,0,2,0.563218390804598,-1,1.06987577601603,0,2,0.466666666666667,-1,1.04970409324773,0,2,0.432,-1,1.07981853349666,0,2,0.375,-1,1.09552892889203,0,2,0.25,-1,0.984974087626248,0,2,0.25,-1,1.01177169429295,0,2,0.17,-1,0.93519847506633,0,1,0.0307017543859649,-1,0.809283141810673,0,1,0.0813008130081301,-1,0.88361673961628,0,1,0.0260223048327137,-1,0.863534188920482,0,1,-0.0137931034482759,-1,0.822764433221566,0,1,-0.112179487179487,-1,0.754104085623658,0,1,-0.0815709969788518,-1,0.78364931865287,0,1,-0.0423728813559323,-1,0.804510221645045,0,1,-0.0510752688172045,-1,0.779521111598942,NA,NA,NA,NA,NA
"20",0,3,0.411764705882353,-1,0.907489764959801,0,2,0.166666666666667,0,0.708347091897267,0,5,1.6,0,2.07445724962113,0,3,0.809523809523809,-1,1.41343055274122,0,3,0.606060606060606,-1,1.3343341179195,0,3,0.586206896551724,-1,1.2891414924946,0,3,0.466666666666667,-1,1.20887541927546,0,3,0.424,-1,1.21965485173776,0,3,0.375,-1,1.23445356681778,0,2,0.285714285714286,-1,1.10606844418538,0,2,0.282608695652174,-1,1.11739321417751,0,2,0.225,-1,1.03851952302309,0,1,0.0263157894736843,-1,0.760992698367497,0,1,0.0772357723577235,-1,0.782200297283295,0,1,0.0223048327137545,-1,0.770879518567555,0,0,-0.103448275862069,-1,0.626438636737338,0,0,-0.217948717948718,-1,0.553661933042842,0,0,-0.172205438066465,-1,0.590345766088477,0,0,-0.0847457627118644,-1,0.653702653002118,0,0,-0.0618279569892473,-1,0.664279235406129,NA,NA,NA,NA,NA
"21",0,5,0.705882352941177,-1,1.56717650753964,0,3,0.166666666666667,-0.5,1.08527060435029,0,5,0.7,-1,1.49146868754498,0,3,0.238095238095238,-1,1.11949917009935,0,3,0.106060606060606,-1,1.07080636305403,0,3,0.103448275862069,-1,0.984508524830867,0,3,0.19047619047619,-1,1.08811524842058,0,3,0.248,-1,1.04235643359309,0,3,0.305555555555556,-1,1.13005689648685,0,2,0.142857142857143,-1,0.984421353466327,0,2,0.119565217391304,-1,0.973226309596622,0,2,0.0900000000000001,-1,0.956236282605931,0,0,0.0394736842105263,-1,0.862771860395679,0,0,0.0691056910569106,-1,0.868319193073045,0,0,0.00371747211895923,-1,0.833776281830264,0,0,-0.0689655172413792,-1,0.731440463893421,0,0,-0.125,-1,0.681986615785376,0,0,-0.108761329305136,-1,0.703669758181107,0,0,-0.0903954802259888,-1,0.70613320707917,0,0,-0.077956989247312,-1,0.718744648625068,NA,NA,NA,NA,NA
"22",0,4,1.35294117647059,0,1.70645337335319,0,3,1.33333333333333,1.5,1.17467886686334,0,5,2.35,3,2.11471268917354,0,1,1.66666666666667,2,1.15189908744241,0,1,1.46969696969697,2,1.15507773945855,0,1,1.42528735632184,2,1.15772757551859,0,0,0.942857142857143,2,0.79124439607704,0,0,0.776,1,0.771599202844084,0,0,0.541666666666667,1,0.704536914179237,0,0,0.369047619047619,1,0.659035226331091,0,0,0.179347826086957,1,0.648760624664139,0,0,0.11,0,0.696363058795868,0,0,0.0614035087719298,0,0.701243815246837,0,0,-0.0528455284552846,0,0.698687662727719,0,0,-0.0966542750929368,0,0.70705862228999,0,0,-0.189655172413793,0,0.687062220652146,0,0,-0.288461538461538,0,0.703897181471917,0,0,-0.214501510574018,0,0.702741583689333,0,0,-0.101694915254237,0,0.683293082870823,0,0,-0.0564516129032258,0,0.709606128760262,NA,NA,NA,NA,NA
"23",0,4,2.52941176470588,3,2.16262251042379,0,3,1.5,1,1.56347500980588,0,4,3.55,5,1.37585822453042,0,2,2.45238095238095,4,1.3083090981613,0,1,1.63636363636364,3,1.08133319955396,0,0,1.52873563218391,3,1.05019287515106,0,0,1.22857142857143,3,0.760277271282815,0,0,1.288,3,0.786147578985915,0,0,0.958333333333333,2,0.838928537659646,0,0,0.625,2,0.770296828525239,0,0,0.402173913043478,2,0.742577076345445,0,0,0.185,1,0.721694140034632,0,0,0.043859649122807,1,0.675449545915623,0,0,-0.0650406504065041,1,0.694735886193791,0,0,-0.0483271375464684,1,0.705244773941839,0,0,-0.168965517241379,0,0.704684699373104,0,0,-0.301282051282051,-1,0.736624701945727,0,0,-0.13595166163142,0,0.652550772486018,0,0,-0.03954802259887,0.5,0.62000120577788,0,0,-0.0591397849462366,1,0.658517180894274,NA,NA,NA,NA,NA
"24",0,5,2.05882352941176,3,2.0583591965464,0,4,1.16666666666667,0.5,1.51786856047212,0,5,3.1,3.5,1.82478366742884,0,3,2.23809523809524,3,1.54500476010246,0,3,1.92424242424242,2.5,1.59751645138381,0,1,1.79310344827586,2,1.48807491663528,0,1,1.2952380952381,2,0.9827508786585,0,1,1.048,2,0.843755670942765,0,1,0.756944444444444,1,0.722415483567844,0,1,0.470238095238095,1,0.663811633978693,0,1,0.369565217391304,1,0.682015186470247,0,1,0.19,1,0.693189743137689,0,1,0.118421052631579,0,0.695856814993592,0,0,0.00406504065040653,0,0.712124467052603,0,0,-0.0892193308550186,0,0.685980951022252,0,0,-0.193103448275862,0,0.642659696572463,0,0,-0.294871794871795,0,0.647396982454194,0,0,-0.187311178247734,0,0.640911742557595,0,0,-0.0677966101694915,0,0.638740762083704,0,0,-0.0483870967741935,0,0.666433871242291,NA,NA,NA,NA,NA
"25",0,4,1.64705882352941,1,1.74430617431236,0,4,0.5,-0.5,1.45227744249483,0,5,2.8,2.5,1.59214239879269,0,3,1.88095238095238,2,1.49896166091019,0,2,1.90909090909091,2,1.44115998407501,0,1,1.75862068965517,2,1.372449562293,0,0,1.5047619047619,2,0.99999142925147,0,0,1.44,2,1.03251683191336,0,0,1.13194444444444,2,0.875884322544237,0,0,0.761904761904762,2,0.734484530404698,0,0,0.679347826086957,1,0.721811832952016,0,0,0.535,1,0.666603283785396,0,0,0.416666666666667,1,0.678535703997753,0,0,0.33739837398374,1,0.677883684854548,0,0,0.230483271375465,0,0.591562705819493,0,0,0.0620689655172414,0,0.546552493443826,0,0,-0.0801282051282051,0,0.542364760924735,0,0,-0.0332326283987915,0,0.561992936382866,0,0,0.00847457627118645,0,0.575429877918355,0,0,-0.0241935483870968,0,0.612888972063457,NA,NA,NA,NA,NA
"26",0,4,1.76470588235294,3,1.60453118519433,0,5,1,0,1.79748532240655,0,5,3,3,1.87873890843254,0,3,1.80952380952381,2.5,1.4420288559488,0,1,1.40909090909091,2,1.29169325959125,0,1,1.57471264367816,2,1.34549982552006,0,1,1.34285714285714,2,1.29836749518996,0,1,1.296,2,1.2218490942657,0,1,1.05555555555556,2,1.0023789581867,0,1,0.839285714285714,1,0.963949606495153,0,1,0.744565217391304,1,0.970611181263581,0,0,0.565,1,0.807660633189179,0,0,0.385964912280702,1,0.734598798613802,0,0,0.304878048780488,0,0.730217314237556,0,0,0.197026022304833,0,0.702657850845827,0,0,0.0103448275862069,0,0.66356738600112,0,0,-0.163461538461538,0,0.664905884684335,0,0,-0.105740181268882,0,0.68388931688906,0,0,-0.019774011299435,0,0.684912683419,0,0,-0.032258064516129,0,0.718524381461471,NA,NA,NA,NA,NA
"27",0,5,1.64705882352941,-1,2.2798112556391,0,5,1.83333333333333,1.5,1.87439772577283,0,5,3.05,4,2.202801709539,0,4,2.4047619047619,3,1.8253873185028,0,3,2.28787878787879,3,1.7971811950126,0,1,2.05747126436782,3,1.78212068108484,0,0,1.6,3,1.09662689411617,0,0,1.344,2,0.976689356881775,0,0,1.02777777777778,2,0.889961233056797,0,0,0.761904761904762,2,0.77829824998574,0,0,0.597826086956522,2,0.767619763634984,0,0,0.44,1,0.750431527017972,0,0,0.359649122807018,1,0.751000164734407,0,0,0.223577235772358,1,0.778075100935224,0,0,0.148698884758364,1,0.735974037093876,0,0,-0.0172413793103448,1,0.707945267550085,0,0,-0.182692307692308,-1,0.712238385488724,0,0,-0.154078549848943,0,0.709184819599393,0,0,-0.0282485875706215,0,0.671611868642706,0,0,-0.0645161290322581,0,0.688167824041498,NA,NA,NA,NA,NA
"28",0,4,1.76470588235294,2,1.65787048220584,0,4,0.333333333333333,-0.5,1.49351889481415,0,5,2.9,3,1.85768160782809,0,4,2.07142857142857,2,1.77832290006456,0,4,1.78787878787879,2,1.78089028469596,0,4,1.80459770114943,2,1.7463500441583,0,3,1.6,2,1.58396564349292,0,3,1.424,2,1.43796028767903,0,2,1.1875,2,1.21664625976821,0,2,1.01190476190476,1,1.20938395957341,0,2,0.96195652173913,2,1.18216838061885,0,1,0.755,2,0.920892473459078,0,1,0.491228070175439,1,0.717079733496137,0,1,0.443089430894309,1,0.746773778622752,0,1,0.319702602230483,1,0.707215672798625,0,0,0.144827586206897,1,0.639114490897632,0,0,-0.00320512820512819,1,0.598991491218476,0,0,-0.039274924471299,0,0.596513303803853,0,0,0.0480225988700564,1,0.620485659959013,0,0,-0.0241935483870968,1,0.604104802780206,NA,NA,NA,NA,NA
"29",0,4,1.70588235294118,2,1.86592728718604,0,4,0.5,-0.5,1.45227744249483,0,5,3.05,4.5,2.09216765326025,0,4,2.0952380952381,2.5,1.93021351509913,0,4,1.93939393939394,2,1.97742141349164,0,3,2,3,1.91158131589138,0,2,1.72380952380952,3,1.56498697798508,0,1,1.648,3,1.45872405202715,0,1,1.16666666666667,3,1.01672725656081,0,1,0.898809523809524,2,0.958519347055192,0,1,0.760869565217391,2,0.929055929672868,0,1,0.575,1,0.788980697551318,0,0,0.364035087719298,1,0.734305957023557,0,0,0.211382113821138,1,0.697298011222962,0,0,0.122676579925651,0,0.695544747426203,0,0,-0.0724137931034483,0,0.667143322605264,0,0,-0.262820512820513,0,0.634972898806989,0,0,-0.129909365558912,0,0.598834749152157,0,0,-0.0169491525423729,0,0.591006788154523,0,0,-0.0241935483870968,0,0.616278888719032,NA,NA,NA,NA,NA
"30",0,5,1.88235294117647,2,2.1774723033012,0,5,1.33333333333333,0,2.14192249215593,0,5,3.45,4,1.96046528695133,0,4,2.42857142857143,3,1.85868669926973,0,3,2.1969696969697,3,1.74979230689099,0,1,2.08045977011494,3,1.63403678662637,0,1,1.66666666666667,3,1.24194461302537,0,1,1.448,3,1.15917848042442,0,1,1.13888888888889,2.5,0.958387772971199,0,1,0.892857142857143,1,0.953754912997117,0,1,0.684782608695652,1,0.867921288816943,0,1,0.585,1,0.839560207335173,0,1,0.385964912280702,1,0.792083719353208,0,1,0.252032520325203,0,0.805377565893182,0,0,0.133828996282528,0,0.771794310462604,0,0,-0.0137931034482759,0,0.744443886907633,0,0,-0.169871794871795,0,0.725045210951104,0,0,-0.0725075528700906,0,0.711612295932176,0,0,-0.00282485875706215,0,0.700867200277565,0,0,-0.0161290322580645,0,0.731466471521217,NA,NA,NA,NA,NA
"31",0,5,1.29411764705882,-1,2.03033178168614,0,5,1.16666666666667,-0.5,2.11059771414509,0,5,3.5,4.5,1.96603100491903,0,4,2.16666666666667,3,1.94705161888016,0,4,1.95454545454545,3,2.00682949230545,0,3,1.59770114942529,1,1.86051380553502,0,3,1.59047619047619,2,1.83068031591772,0,2,1.496,2,1.69702727216403,0,0,1.10416666666667,2,1.1934275900377,0,0,0.833333333333333,2,1.01520853151288,0,0,0.646739130434783,1,0.948840562901113,0,0,0.435,1,0.823226105151524,0,0,0.210526315789474,1,0.741245174646035,0,0,0.158536585365854,1,0.76526590711103,0,0,0.115241635687732,0,0.715299115734267,0,0,-0.0172413793103448,0,0.679097891865532,0,0,-0.141025641025641,0,0.715585846461136,0,0,-0.0936555891238671,0,0.689872562184396,0,0,-0.0225988700564972,0,0.686468589444061,0,0,-0.0779569892473118,0,0.693576475805904,NA,NA,NA,NA,NA
"32",0,4,1.82352941176471,0,1.89849369636636,0,4,0.666666666666667,0,1.48360222050568,0,5,3,4,1.96852139956296,0,4,2,2,1.78150659098372,0,4,1.8030303030303,2,1.90652001796853,0,4,1.85057471264368,2,1.91660189302632,0,2,1.6952380952381,2,1.78109562137876,0,2,1.576,2,1.65820499739732,0,1,1.34722222222222,2,1.32478337850212,0,0,1.10119047619048,2,1.14729109307993,0,0,1.01086956521739,2,1.13257272343218,0,0,0.86,1,0.970804091758708,0,0,0.583333333333333,1,0.814686419126868,0,0,0.483739837398374,1,0.839047943973367,0,0,0.345724907063197,1,0.770295056944978,0,0,0.158620689655172,0,0.716020076973985,0,0,0,0,0.71721120347712,0,0,0.0634441087613293,0,0.720103906318047,0,0,0.149717514124294,0,0.730037667962608,0,0,0.0752688172043011,0,0.726406680084571,NA,NA,NA,NA,NA
"33",0,4,1.76470588235294,2,1.84772862559309,0,3,0.833333333333333,0,1.25714755440505,0,3,3.45,4,1.33119794295061,0,3,2.5,4,1.64274030837803,0,3,2.21212121212121,3,1.71129031830153,0,1,2.09195402298851,3,1.56891270156277,0,1,1.72380952380952,3,1.22370810004293,0,1,1.328,2,0.975511472619431,0,1,0.930555555555556,2,0.810837499319064,0,1,0.619047619047619,2,0.729272627253708,0,0,0.510869565217391,1.5,0.682965028225053,0,0,0.41,1,0.664498633187899,0,0,0.254385964912281,0.5,0.655064931911855,0,0,0.178861788617886,0,0.692000987524862,0,0,0.0855018587360595,0,0.70077305278114,0,0,-0.0275862068965517,0,0.699516518430326,0,0,-0.121794871794872,0,0.702064627269078,0,0,-0.0725075528700906,0,0.683133221371593,0,0,0.0367231638418079,0,0.639711570852207,0,0,0.00268817204301075,0,0.658341679145097,NA,NA,NA,NA,NA
"34",0,5,1.70588235294118,2,2.03180193764972,0,5,0.666666666666667,-0.5,1.85366592973855,0,5,3.45,4,1.80240413736142,0,4,2.21428571428571,2.5,1.75497629303015,0,3,1.89393939393939,2,1.75377021789802,0,3,1.80459770114943,2,1.75247390943514,0,3,1.7047619047619,2,1.73362079376527,0,1,1.536,2,1.52015922175579,0,0,1.20138888888889,2,0.972370096707581,0,0,0.982142857142857,2,0.953327345517529,0,0,0.91304347826087,1,0.965065951943348,0,0,0.66,1,0.71629822784463,0,0,0.469298245614035,1,0.646223807514766,0,0,0.426829268292683,1,0.693993220451729,0,0,0.245353159851301,1,0.656033191617958,0,0,0.0655172413793103,0,0.627358638755864,0,0,-0.0865384615384615,0,0.617319744747823,0,0,-0.0302114803625378,0,0.623834115821197,0,0,0.0677966101694915,0,0.632019221947298,0,0,-0.0376344086021505,0,0.607224022615556,NA,NA,NA,NA,NA
"35",0,4,1.58823529411765,1,1.85561118385141,0,3,0.666666666666667,-1,1.52857789742192,0,2,2.65,4,1.13484523286081,0,2,2.02380952380952,3,1.34203494769667,0,2,1.83333333333333,2,1.51454387002527,0,2,1.82758620689655,2,1.58794323994966,0,2,1.65714285714286,2,1.43331839996905,0,1,1.368,2,1.15475356245963,0,0,1.02777777777778,1,0.887501709135728,0,0,0.702380952380952,1,0.774458376187405,0,0,0.58695652173913,1.5,0.782267641524037,0,0,0.455,1,0.693997040292589,0,0,0.289473684210526,1,0.663700274486902,0,0,0.219512195121951,1,0.67953612622906,0,0,0.148698884758364,1,0.674807282621484,0,0,0.0310344827586207,1,0.654088244739865,0,0,-0.102564102564103,0,0.678826408607645,0,0,-0.0453172205438067,0,0.652869244135592,0,0,0.0338983050847458,0.5,0.613905303391632,0,0,0.00268817204301075,1,0.642311464625184,NA,NA,NA,NA,NA
"36",0,5,1.76470588235294,0,2.13083171351373,0,5,1.16666666666667,-0.5,2.11059771414509,0,5,3.55,4.5,1.72249028506921,0,4,2.42857142857143,3,1.79103147058102,0,4,2.25757575757576,3,1.91401191210891,0,2,2.22988505747126,3,1.83396537170341,0,1,1.86666666666667,3,1.31621775686819,0,1,1.624,3,1.12621641880279,0,1,1.25694444444444,3,0.861253370480047,0,0,0.910714285714286,3,0.746785440249228,0,0,0.744565217391304,2,0.734820852502656,0,0,0.565,2,0.660196426450821,0,0,0.37719298245614,1,0.609596354249988,0,0,0.203252032520325,0,0.614649232366325,0,0,0.118959107806691,0,0.594453011425861,0,0,-0.0551724137931035,0,0.607631959090153,0,0,-0.208333333333333,0,0.623149276579792,0,0,-0.0876132930513595,0,0.619374536331202,0,0,0.0367231638418079,0,0.587689938554342,0,0,-0.032258064516129,0,0.59541250262492,NA,NA,NA,NA,NA
"37",0,5,1.70588235294118,2,2.44868102525839,0,5,1.5,0,2.20908719291288,0,5,3.55,4,1.85218869179198,0,4,3.14285714285714,4,1.68641788272272,0,3,2.75757575757576,4,1.76388794881737,0,1,2.62068965517241,4,1.63750186907536,0,1,2.0952380952381,4,1.06672359539632,0,0,1.704,4,0.822446557841844,0,0,1.29166666666667,3,0.666365505110735,0,0,0.904761904761905,3,0.613104902468554,0,0,0.679347826086957,2,0.573724199257563,0,0,0.465,1,0.567398410134629,0,0,0.337719298245614,1,0.572273509624625,0,0,0.24390243902439,1,0.610900654897204,0,0,0.163568773234201,1,0.619204005210721,0,0,0,1,0.632975448933452,0,0,-0.153846153846154,0,0.657534935142404,0,0,-0.0725075528700907,0,0.65117149943931,0,0,0.0169491525423728,0,0.631269208461984,0,0,0.021505376344086,0,0.641339692502668,NA,NA,NA,NA,NA
"38",0,5,2.52941176470588,2,2.4056531614184,0,5,1.66666666666667,0,2.42752250928163,0,5,4.1,5,1.99218569902274,0,4,3.54761904761905,5,1.91312712625221,0,1,3.27272727272727,5,1.70022024890233,0,0,2.66666666666667,5,1.15931642176104,0,0,2.06666666666667,5,0.682322770686883,0,0,1.648,4,0.489128128013946,0,0,1.29166666666667,4,0.454004599140165,0,0,1,2.5,0.483031623704399,0,0,0.826086956521739,1,0.511570288220622,0,0,0.65,1,0.51656849298154,0,0,0.5,1,0.541437374361437,0,0,0.341463414634146,1,0.616130926769353,0,0,0.245353159851301,1,0.621936271810343,0,0,0.124137931034483,1,0.649924641042095,0,0,0.00320512820512819,1,0.68939910758481,0,0,0.0574018126888218,1,0.690861142491272,0,0,0.189265536723164,1,0.646829308185757,0,0,0.139784946236559,1,0.678661708436679,NA,NA,NA,NA,NA
"39",0,3,1.52941176470588,1,1.90251559942348,0,5,1.33333333333333,-0.5,2.24041197092372,0,5,3.85,5,1.74181870809475,0,4,3.19047619047619,4,1.75152998287842,0,3,2.8030303030303,4,1.78015948656155,0,0,2.47126436781609,4,1.34336050686998,0,0,1.96190476190476,4,1.00041677703323,0,0,1.696,4,0.874596394639779,0,0,1.26388888888889,3,0.718174032958239,0,0,0.952380952380952,3,0.635959780219898,0,0,0.733695652173913,2,0.61650860787103,0,0,0.55,1,0.569809042969321,0,0,0.390350877192982,1,0.578963168329085,0,0,0.268292682926829,1,0.612376005958954,0,0,0.200743494423792,1,0.616669736678003,0,0,0.0206896551724138,0,0.622527564228449,0,0,-0.121794871794872,0,0.653564484706806,0,0,-0.0634441087613293,0,0.667531196470823,0,0,0.0790960451977401,1,0.609288310821253,0,0,0.0268817204301075,1,0.641505788919942,NA,NA,NA,NA,NA
"40",0,4,2.58823529411765,4,2.15697539996946,0,5,2.16666666666667,1.5,2.46336805333116,0,5,4,5,1.92776531712771,0,4,3.40476190476191,4.5,1.66422164537325,0,1,3.25757575757576,5,1.57066782156716,0,0,2.81609195402299,5,1.16595008161563,0,0,2.19047619047619,5,0.694039865267658,0,0,1.928,5,0.623790126013767,0,0,1.42361111111111,4,0.495854061202755,0,0,1.11309523809524,2.5,0.451643021646821,0,0,0.853260869565217,2,0.426210854358172,0,0,0.65,1,0.421002411087081,0,0,0.508771929824561,1,0.443487888868857,0,0,0.378048780487805,0,0.488657594137737,0,0,0.297397769516729,0,0.480031392855468,0,0,0.137931034482759,0,0.499871273431709,0,0,-0.00641025641025639,0,0.549699127303983,0,0,0.00604229607250761,0,0.585010033418255,0,0,0.0819209039548022,0,0.595869811233469,0,0,0.0322580645161291,0,0.630797764187779,NA,NA,NA,NA,NA
